DROP TABLE IF EXISTS EMPLOYEE;
DROP TABLE IF EXISTS ROLE;
DROP TABLE IF EXISTS LEAVEDETAIL;
INSERT INTO `laps`.`employee` (`staff_id`,`email`, `manager_id`, `name`, `password`, `user_id`, `role_id`) VALUES ('1', 'manly007@company.com', '8','Manly Man Men', '12345678','manly007','2');
INSERT INTO `laps`.`employee` (`staff_id`,`email`, `manager_id`, `name`, `password`, `user_id`, `role_id`) VALUES ('2', 'man2@company.com', '1','Manly2', '12345678','man2','3');
INSERT INTO `laps`.`employee` (`staff_id`,`email`, `manager_id`, `name`, `password`, `user_id`, `role_id`) VALUES ('3', 'mental3@company.com', '1','Mantal Mental', '12345678','Mental3','3');
INSERT INTO `laps`.`employee` (`staff_id`,`email`, `manager_id`, `name`, `password`, `user_id`, `role_id`) VALUES ('4', 'women4@company.com', '8','Woman Womb Women', '12345678','women4','2');
INSERT INTO `laps`.`employee` (`staff_id`,`email`, `manager_id`, `name`, `password`, `user_id`, `role_id`) VALUES ('5', 'worn5@company.com', '4','Worn Woe Wot', '12345678','worn5','3');
INSERT INTO `laps`.`employee` (`staff_id`,`email`, `manager_id`, `name`, `password`, `user_id`, `role_id`) VALUES ('6', 'wilhemina6@company.com', '4','Wilhemina Willyou', '12345678','wilhemina6','3');
INSERT INTO `laps`.`employee` (`staff_id`,`email`, `manager_id`, `name`, `password`, `user_id`, `role_id`) VALUES ('7', 'sysedmin@company.com', '8','Edison Da Edmin', '12345678','edmin','1');
INSERT INTO `laps`.`employee` (`staff_id`,`email`, `name`, `password`, `user_id`, `role_id`) VALUES ('8', 'ceo@company.com','Big Boss', '12345678','SeeEeeOoo','2');
INSERT INTO `laps`.`role` (`role_id`,`annual_leave`, `medical_leave`, `title`) VALUES ('1','14','60','Admin');
INSERT INTO `laps`.`role` (`role_id`,`annual_leave`, `medical_leave`, `title`) VALUES ('2','14','60','Manager');
INSERT INTO `laps`.`role` (`role_id`,`annual_leave`, `medical_leave`, `title`) VALUES ('3','18','60','Staff');
INSERT INTO `laps`.`leavedetail` (`leave_id`,`category`, `contact_details`, `end_date`, `reason`, `start_date`, `status`, `staff_id`) VALUES ('1','Annual Leave','some info1','2019-06-19','Holiday','2019-06-17','Applied/Updated','2');
INSERT INTO `laps`.`leavedetail` (`leave_id`,`category`,`contact_details`, `end_date`, `reason`, `start_date`, `status`, `staff_id`) VALUES ('2','Annual Leave','whatever','2019-06-28','MYOB','2019-06-24','Applied/Updated','7');
INSERT INTO `laps`.`leavedetail` (`leave_id`,`category`,`contact_details`, `end_date`, `reason`, `start_date`, `status`, `staff_id`) VALUES ('3','Annual Leave','google it','2019-05-03','relax lah','2019-05-02','Approved','1');
INSERT INTO `laps`.`leavedetail` (`leave_id`,`category`, `comment`, `contact_details`, `end_date`, `reason`, `start_date`, `status`, `staff_id`) VALUES ('4','Annual Leave','your attitude','whatever','2019-05-09','whatever','2019-05-06','Rejected','3');
INSERT INTO `laps`.`leavedetail` (`leave_id`,`category`, `contact_details`, `end_date`, `reason`, `start_date`, `status`, `staff_id`) VALUES ('5','Medical Leave','mobile','2019-06-16','A fever you can\'t sweat out','2019-06-13','Approved','3');
INSERT INTO `laps`.`leavedetail` (`leave_id`,`category`, `end_date`, `reason`, `start_date`, `status`, `staff_id`) VALUES ('6','Annual Leave','2019-06-07','Break Time','2019-06-05','Applied/Updated','6');
INSERT INTO `laps`.`leavedetail` (`leave_id`,`category`, `end_date`, `reason`, `start_date`, `status`, `staff_id`) VALUES ('7','Annual Leave','2019-06-04','none','2019-06-03','Cancel','5');
INSERT INTO `laps`.`leavedetail` (`leave_id`,`category`, `end_date`, `reason`, `start_date`, `status`, `staff_id`) VALUES ('8','Annual Leave','2019-06-014','nil','2019-06-10','Deleted','7');